{"stats":{"minecraft:custom":{"minecraft:time_since_rest":18329,"minecraft:interact_with_furnace":4,"minecraft:sprint_one_cm":28351,"minecraft:damage_taken":221,"minecraft:walk_one_cm":34267,"minecraft:mob_kills":1,"minecraft:drop":4,"minecraft:damage_dealt":282,"minecraft:interact_with_crafting_table":6,"minecraft:swim_one_cm":797,"minecraft:fly_one_cm":11791,"minecraft:crouch_one_cm":544,"minecraft:play_time":18329,"minecraft:sneak_time":535,"minecraft:walk_under_water_one_cm":1452,"minecraft:jump":183,"minecraft:walk_on_water_one_cm":848,"minecraft:time_since_death":18329,"minecraft:climb_one_cm":165,"minecraft:total_world_time":18329,"minecraft:fall_one_cm":2416},"minecraft:killed":{"minecraft:cow":1},"minecraft:crafted":{"minecraft:oak_planks":44,"minecraft:crafting_table":1,"minecraft:stick":4,"minecraft:wooden_pickaxe":1,"minecraft:wooden_axe":1,"minecraft:air":0,"minecraft:cooked_beef":4},"minecraft:picked_up":{"minecraft:wooden_axe":1,"minecraft:stripped_oak_log":1,"minecraft:cooked_beef":2,"minecraft:stick":8,"minecraft:crafting_table":1,"minecraft:feather":2,"minecraft:chicken":1,"minecraft:leather":2,"minecraft:wooden_pickaxe":1,"minecraft:oak_log":14,"minecraft:dirt":16,"minecraft:beef":2,"minecraft:oak_sapling":4,"minecraft:oak_planks":20,"minecraft:cobblestone":17},"minecraft:dropped":{"minecraft:cooked_beef":2,"minecraft:wooden_pickaxe":1,"minecraft:stick":1},"minecraft:mined":{"minecraft:birch_leaves":3,"minecraft:crafting_table":1,"minecraft:grass":1,"minecraft:grass_block":4,"minecraft:oak_log":14,"minecraft:dirt":19,"minecraft:tall_grass":1,"minecraft:stone":18,"minecraft:oak_planks":20,"minecraft:oak_leaves":15},"minecraft:used":{"minecraft:wooden_axe":33,"minecraft:chicken":1,"minecraft:oak_planks":5,"minecraft:wooden_pickaxe":23,"minecraft:dirt":4,"minecraft:crafting_table":2,"minecraft:cooked_beef":2}},"DataVersion":3465}