{"stats":{"minecraft:custom":{"minecraft:time_since_rest":6329,"minecraft:crouch_one_cm":544,"minecraft:play_time":6329,"minecraft:sprint_one_cm":3263,"minecraft:damage_taken":191,"minecraft:walk_one_cm":11067,"minecraft:sneak_time":352,"minecraft:walk_under_water_one_cm":1337,"minecraft:drop":1,"minecraft:jump":84,"minecraft:damage_dealt":112,"minecraft:time_since_death":6329,"minecraft:walk_on_water_one_cm":358,"minecraft:total_world_time":6329,"minecraft:fall_one_cm":1325,"minecraft:fly_one_cm":2708},"minecraft:picked_up":{"minecraft:stick":2,"minecraft:oak_log":10,"minecraft:dirt":4},"minecraft:dropped":{"minecraft:stick":1},"minecraft:used":{"minecraft:dirt":4},"minecraft:mined":{"minecraft:grass_block":1,"minecraft:oak_log":10,"minecraft:dirt":8,"minecraft:oak_leaves":11}},"DataVersion":3465}