{"stats":{"minecraft:custom":{"minecraft:time_since_rest":30329,"minecraft:interact_with_furnace":9,"minecraft:sprint_one_cm":32183,"minecraft:damage_taken":261,"minecraft:walk_one_cm":60919,"minecraft:mob_kills":1,"minecraft:drop":5,"minecraft:damage_dealt":282,"minecraft:interact_with_crafting_table":11,"minecraft:swim_one_cm":797,"minecraft:fly_one_cm":13591,"minecraft:open_chest":1,"minecraft:crouch_one_cm":9325,"minecraft:play_time":30329,"minecraft:sneak_time":3687,"minecraft:walk_under_water_one_cm":1452,"minecraft:jump":259,"minecraft:walk_on_water_one_cm":848,"minecraft:time_since_death":30329,"minecraft:climb_one_cm":165,"minecraft:total_world_time":30329,"minecraft:fall_one_cm":3284},"minecraft:killed":{"minecraft:cow":1},"minecraft:crafted":{"minecraft:oak_door":3,"minecraft:oak_planks":60,"minecraft:crafting_table":1,"minecraft:stick":4,"minecraft:wooden_pickaxe":1,"minecraft:stone_pickaxe":1,"minecraft:wooden_axe":1,"minecraft:chest":2,"minecraft:torch":4,"minecraft:air":0,"minecraft:cooked_beef":4},"minecraft:picked_up":{"minecraft:wooden_axe":1,"minecraft:stripped_oak_log":1,"minecraft:cooked_beef":10,"minecraft:stick":8,"minecraft:crafting_table":2,"minecraft:feather":2,"minecraft:chicken":1,"minecraft:leather":2,"minecraft:wooden_pickaxe":1,"minecraft:oak_log":14,"minecraft:dirt":100,"minecraft:raw_copper":3,"minecraft:stone_shovel":1,"minecraft:beef":2,"minecraft:oak_sapling":4,"minecraft:coal":1,"minecraft:oak_planks":20,"minecraft:furnace":1,"minecraft:cobblestone":55},"minecraft:dropped":{"minecraft:cooked_beef":7,"minecraft:wooden_pickaxe":1,"minecraft:stick":1},"minecraft:mined":{"minecraft:furnace":1,"minecraft:birch_leaves":3,"minecraft:crafting_table":2,"minecraft:grass":2,"minecraft:grass_block":36,"minecraft:oak_log":14,"minecraft:dirt":74,"minecraft:copper_ore":1,"minecraft:tall_grass":1,"minecraft:stone":55,"minecraft:oak_planks":20,"minecraft:oak_leaves":15},"minecraft:used":{"minecraft:wooden_axe":34,"minecraft:chicken":1,"minecraft:stone_shovel":67,"minecraft:stone_pickaxe":39,"minecraft:oak_planks":5,"minecraft:chest":2,"minecraft:wooden_pickaxe":25,"minecraft:oak_door":1,"minecraft:torch":2,"minecraft:dirt":99,"minecraft:cobblestone":1,"minecraft:crafting_table":3,"minecraft:furnace":1,"minecraft:cooked_beef":2}},"DataVersion":3465}