{"stats":{"minecraft:custom":{"minecraft:time_since_rest":42061,"minecraft:interact_with_furnace":11,"minecraft:sprint_one_cm":35983,"minecraft:damage_taken":291,"minecraft:walk_one_cm":101162,"minecraft:mob_kills":1,"minecraft:drop":7,"minecraft:damage_dealt":282,"minecraft:interact_with_crafting_table":14,"minecraft:swim_one_cm":797,"minecraft:fly_one_cm":14592,"minecraft:open_chest":4,"minecraft:crouch_one_cm":10260,"minecraft:play_time":42061,"minecraft:sneak_time":4416,"minecraft:walk_under_water_one_cm":1452,"minecraft:jump":304,"minecraft:leave_game":1,"minecraft:walk_on_water_one_cm":848,"minecraft:time_since_death":42061,"minecraft:climb_one_cm":165,"minecraft:total_world_time":42061,"minecraft:fall_one_cm":4103},"minecraft:killed":{"minecraft:cow":1},"minecraft:crafted":{"minecraft:oak_door":3,"minecraft:oak_planks":60,"minecraft:crafting_table":1,"minecraft:stick":8,"minecraft:iron_ingot":13,"minecraft:wooden_pickaxe":1,"minecraft:stone_pickaxe":2,"minecraft:wooden_axe":1,"minecraft:chest":2,"minecraft:torch":4,"minecraft:shears":1,"minecraft:air":0,"minecraft:cooked_beef":4},"minecraft:picked_up":{"minecraft:wooden_axe":1,"minecraft:stripped_oak_log":1,"minecraft:cooked_beef":10,"minecraft:stick":8,"minecraft:crafting_table":2,"minecraft:feather":2,"minecraft:chicken":1,"minecraft:leather":2,"minecraft:torch":2,"minecraft:wooden_pickaxe":1,"minecraft:gravel":4,"minecraft:flint":1,"minecraft:oak_log":14,"minecraft:dirt":171,"minecraft:raw_copper":3,"minecraft:stone_shovel":1,"minecraft:beef":2,"minecraft:oak_sapling":4,"minecraft:coal":1,"minecraft:oak_planks":20,"minecraft:furnace":1,"minecraft:cobblestone":172},"minecraft:dropped":{"minecraft:cooked_beef":7,"minecraft:wooden_pickaxe":1,"minecraft:shears":1,"minecraft:stick":5},"minecraft:mined":{"minecraft:furnace":1,"minecraft:birch_leaves":3,"minecraft:crafting_table":2,"minecraft:grass":2,"minecraft:grass_block":36,"minecraft:oak_log":14,"minecraft:gravel":5,"minecraft:dirt":143,"minecraft:copper_ore":2,"minecraft:tall_grass":1,"minecraft:cobblestone":4,"minecraft:stone":166,"minecraft:oak_planks":20,"minecraft:wall_torch":3,"minecraft:oak_leaves":15},"minecraft:used":{"minecraft:wooden_axe":34,"minecraft:chicken":1,"minecraft:stone_shovel":132,"minecraft:stone_pickaxe":159,"minecraft:oak_planks":5,"minecraft:chest":2,"minecraft:wooden_pickaxe":25,"minecraft:oak_door":1,"minecraft:torch":6,"minecraft:dirt":149,"minecraft:cobblestone":7,"minecraft:crafting_table":3,"minecraft:furnace":1,"minecraft:cooked_beef":2},"minecraft:broken":{"minecraft:stone_shovel":1,"minecraft:stone_pickaxe":1}},"DataVersion":3465}