{"stats":{"minecraft:used":{"minecraft:stone_shovel":149,"minecraft:stone_pickaxe":166,"minecraft:oak_planks":5,"minecraft:chest":2,"minecraft:wooden_pickaxe":25,"minecraft:cobblestone_slab":6,"minecraft:oak_door":1,"minecraft:torch":8,"minecraft:dirt":164,"minecraft:crafting_table":3,"minecraft:wooden_axe":34,"minecraft:chicken":1,"minecraft:gravel":4,"minecraft:cobblestone":8,"minecraft:furnace":1,"minecraft:cooked_beef":2},"minecraft:mined":{"minecraft:crafting_table":2,"minecraft:grass_block":39,"minecraft:tall_grass":1,"minecraft:copper_ore":2,"minecraft:cobblestone":4,"minecraft:oak_planks":20,"minecraft:wall_torch":5,"minecraft:furnace":1,"minecraft:birch_leaves":3,"minecraft:grass":2,"minecraft:oak_log":14,"minecraft:cobblestone_slab":1,"minecraft:gravel":5,"minecraft:dirt":170,"minecraft:stone":170,"minecraft:oak_leaves":15},"minecraft:broken":{"minecraft:stone_pickaxe":1,"minecraft:stone_shovel":1},"minecraft:killed":{"minecraft:cow":1},"minecraft:dropped":{"minecraft:cooked_beef":7,"minecraft:shears":1,"minecraft:stick":5,"minecraft:wooden_pickaxe":1},"minecraft:custom":{"minecraft:interact_with_furnace":13,"minecraft:mob_kills":1,"minecraft:interact_with_crafting_table":18,"minecraft:leave_game":1,"minecraft:time_since_death":47956,"minecraft:climb_one_cm":165,"minecraft:time_since_rest":47956,"minecraft:sprint_one_cm":43545,"minecraft:damage_taken":358,"minecraft:walk_one_cm":116524,"minecraft:drop":7,"minecraft:damage_dealt":282,"minecraft:swim_one_cm":797,"minecraft:fly_one_cm":16087,"minecraft:open_chest":11,"minecraft:crouch_one_cm":10260,"minecraft:play_time":47956,"minecraft:sneak_time":4416,"minecraft:walk_under_water_one_cm":1452,"minecraft:jump":339,"minecraft:walk_on_water_one_cm":848,"minecraft:total_world_time":47956,"minecraft:fall_one_cm":4581},"minecraft:crafted":{"minecraft:cooked_beef":4,"minecraft:oak_door":3,"minecraft:oak_planks":60,"minecraft:cobblestone_slab":6,"minecraft:stone_shovel":1,"minecraft:crafting_table":1,"minecraft:wooden_pickaxe":1,"minecraft:air":0,"minecraft:shield":1,"minecraft:stick":8,"minecraft:iron_ingot":13,"minecraft:stone_pickaxe":2,"minecraft:wooden_axe":1,"minecraft:chest":2,"minecraft:torch":4,"minecraft:shears":1},"minecraft:picked_up":{"minecraft:wooden_axe":1,"minecraft:crafting_table":2,"minecraft:feather":2,"minecraft:cooked_beef":10,"minecraft:chicken":1,"minecraft:leather":2,"minecraft:wooden_pickaxe":1,"minecraft:flint":1,"minecraft:oak_log":14,"minecraft:dirt":201,"minecraft:raw_copper":3,"minecraft:beef":2,"minecraft:cobblestone_slab":1,"minecraft:oak_planks":20,"minecraft:furnace":1,"minecraft:stick":8,"minecraft:torch":4,"minecraft:gravel":4,"minecraft:stone_shovel":1,"minecraft:oak_sapling":4,"minecraft:coal":1,"minecraft:cobblestone":176,"minecraft:stripped_oak_log":1}},"DataVersion":3465}