{"stats":{"minecraft:used":{"minecraft:diorite":4,"minecraft:stone_sword":11,"minecraft:stone_shovel":81,"minecraft:stone_pickaxe":176,"minecraft:oak_planks":42,"minecraft:chest":2,"minecraft:wooden_pickaxe":45,"minecraft:shield":9,"minecraft:grass":3,"minecraft:stone_hoe":20,"minecraft:oak_door":1,"minecraft:torch":3,"minecraft:dirt":64,"minecraft:crafting_table":1,"minecraft:jungle_planks":32,"minecraft:white_bed":2,"minecraft:shears":5,"minecraft:oak_log":5,"minecraft:wooden_axe":2,"minecraft:stone_axe":47,"minecraft:wooden_sword":21,"minecraft:cobblestone":71,"minecraft:oak_sapling":3,"minecraft:furnace":1,"minecraft:andesite":6,"minecraft:egg":1,"minecraft:cooked_beef":9},"minecraft:mined":{"minecraft:oak_door":1,"minecraft:jungle_leaves":1,"minecraft:crafting_table":1,"minecraft:grass_block":43,"minecraft:jungle_log":15,"minecraft:tall_grass":22,"minecraft:copper_ore":3,"minecraft:cobblestone":1,"minecraft:lapis_ore":3,"minecraft:diorite":4,"minecraft:wall_torch":1,"minecraft:iron_ore":37,"minecraft:andesite":6,"minecraft:grass":70,"minecraft:oak_log":37,"minecraft:coal_ore":7,"minecraft:deepslate_iron_ore":1,"minecraft:cocoa":1,"minecraft:vine":4,"minecraft:dirt":60,"minecraft:stripped_oak_log":1,"minecraft:stone":148,"minecraft:oak_leaves":18,"minecraft:fern":15},"minecraft:broken":{"minecraft:stone_pickaxe":1},"minecraft:killed_by":{"minecraft:skeleton":1,"minecraft:zombie":1},"minecraft:killed":{"minecraft:skeleton":1,"minecraft:zombie":3,"minecraft:chicken":1,"minecraft:cow":5},"minecraft:dropped":{"minecraft:cooked_beef":2,"minecraft:stone_shovel":1,"minecraft:chicken":2,"minecraft:feather":2,"minecraft:rotten_flesh":2,"minecraft:oak_planks":1,"minecraft:coal":1,"minecraft:stick":4,"minecraft:wooden_axe":1,"minecraft:oak_sapling":2,"minecraft:wooden_pickaxe":1,"minecraft:beef":1},"minecraft:custom":{"minecraft:interact_with_furnace":9,"minecraft:mob_kills":10,"minecraft:interact_with_crafting_table":19,"minecraft:leave_game":5,"minecraft:time_since_death":809,"minecraft:sleep_in_bed":1,"minecraft:climb_one_cm":1018,"minecraft:time_since_rest":835,"minecraft:sprint_one_cm":129089,"minecraft:damage_taken":1100,"minecraft:walk_one_cm":122167,"minecraft:damage_blocked_by_shield":555,"minecraft:drop":15,"minecraft:damage_dealt":1438,"minecraft:swim_one_cm":16443,"minecraft:fly_one_cm":187981,"minecraft:open_chest":17,"minecraft:play_time":62320,"minecraft:crouch_one_cm":12652,"minecraft:sneak_time":5526,"minecraft:deaths":2,"minecraft:walk_under_water_one_cm":7505,"minecraft:jump":1444,"minecraft:walk_on_water_one_cm":10521,"minecraft:total_world_time":62320,"minecraft:fall_one_cm":38749},"minecraft:picked_up":{"minecraft:cocoa_beans":2,"minecraft:crafting_table":1,"minecraft:feather":2,"minecraft:cooked_beef":7,"minecraft:chicken":2,"minecraft:andesite":6,"minecraft:jungle_log":15,"minecraft:leather":6,"minecraft:fern":1,"minecraft:wooden_pickaxe":1,"minecraft:oak_log":43,"minecraft:lapis_lazuli":19,"minecraft:dirt":107,"minecraft:raw_copper":11,"minecraft:bone":2,"minecraft:wheat_seeds":11,"minecraft:beef":15,"minecraft:oak_planks":1,"minecraft:egg":1,"minecraft:stick":6,"minecraft:raw_iron":36,"minecraft:oak_door":1,"minecraft:torch":3,"minecraft:diorite":4,"minecraft:rotten_flesh":3,"minecraft:pumpkin_seeds":4,"minecraft:arrow":1,"minecraft:shears":1,"minecraft:grass":3,"minecraft:oak_sapling":6,"minecraft:coal":8,"minecraft:white_wool":6,"minecraft:cobblestone":142},"minecraft:crafted":{"minecraft:cooked_beef":4,"minecraft:wooden_sword":1,"minecraft:oak_planks":60,"minecraft:stone_shovel":2,"minecraft:wooden_pickaxe":1,"minecraft:furnace":1,"minecraft:stone_axe":2,"minecraft:air":0,"minecraft:jungle_planks":60,"minecraft:shield":1,"minecraft:stick":20,"minecraft:stone_pickaxe":2,"minecraft:wooden_axe":1,"minecraft:stone_sword":1,"minecraft:chest":2,"minecraft:white_bed":2,"minecraft:stone_hoe":1}},"DataVersion":3465}