{"stats":{"minecraft:custom":{"minecraft:time_since_rest":1385,"minecraft:crouch_one_cm":470,"minecraft:deaths":1,"minecraft:play_time":9086,"minecraft:sprint_one_cm":16324,"minecraft:damage_taken":240,"minecraft:walk_one_cm":17335,"minecraft:sneak_time":155,"minecraft:walk_under_water_one_cm":108,"minecraft:mob_kills":2,"minecraft:drop":2,"minecraft:jump":258,"minecraft:damage_dealt":312,"minecraft:leave_game":1,"minecraft:time_since_death":1354,"minecraft:walk_on_water_one_cm":510,"minecraft:total_world_time":9086,"minecraft:swim_one_cm":2458,"minecraft:fall_one_cm":9991,"minecraft:fly_one_cm":21560},"minecraft:killed":{"minecraft:zombie":2},"minecraft:picked_up":{"minecraft:stick":2,"minecraft:rotten_flesh":3,"minecraft:oak_log":13,"minecraft:oak_sapling":3,"minecraft:dirt":16},"minecraft:killed_by":{"minecraft:zombie":1},"minecraft:dropped":{"minecraft:rotten_flesh":2},"minecraft:used":{"minecraft:dirt":16,"minecraft:oak_sapling":2},"minecraft:mined":{"minecraft:oak_log":7,"minecraft:dirt":11,"minecraft:oak_leaves":8}},"DataVersion":3465}