{"stats":{"minecraft:custom":{"minecraft:interact_with_furnace":7,"minecraft:mob_kills":9,"minecraft:interact_with_crafting_table":13,"minecraft:leave_game":1,"minecraft:time_since_death":37354,"minecraft:climb_one_cm":734,"minecraft:time_since_rest":37385,"minecraft:sprint_one_cm":88654,"minecraft:damage_taken":655,"minecraft:walk_one_cm":97900,"minecraft:drop":15,"minecraft:damage_dealt":1000,"minecraft:swim_one_cm":12424,"minecraft:fly_one_cm":135208,"minecraft:open_chest":1,"minecraft:crouch_one_cm":10324,"minecraft:play_time":45086,"minecraft:deaths":1,"minecraft:sneak_time":4402,"minecraft:walk_under_water_one_cm":6293,"minecraft:jump":1026,"minecraft:walk_on_water_one_cm":6498,"minecraft:total_world_time":45086,"minecraft:fall_one_cm":28012},"minecraft:killed":{"minecraft:zombie":3,"minecraft:chicken":1,"minecraft:cow":5},"minecraft:picked_up":{"minecraft:cocoa_beans":2,"minecraft:crafting_table":1,"minecraft:feather":2,"minecraft:cooked_beef":7,"minecraft:chicken":2,"minecraft:jungle_log":15,"minecraft:andesite":6,"minecraft:leather":6,"minecraft:fern":1,"minecraft:wooden_pickaxe":1,"minecraft:oak_log":21,"minecraft:lapis_lazuli":19,"minecraft:dirt":71,"minecraft:raw_copper":11,"minecraft:bone":2,"minecraft:wheat_seeds":11,"minecraft:beef":15,"minecraft:oak_planks":1,"minecraft:egg":1,"minecraft:stick":6,"minecraft:raw_iron":13,"minecraft:oak_door":1,"minecraft:torch":3,"minecraft:pumpkin_seeds":4,"minecraft:arrow":1,"minecraft:rotten_flesh":3,"minecraft:shears":1,"minecraft:grass":3,"minecraft:oak_sapling":6,"minecraft:coal":6,"minecraft:white_wool":5,"minecraft:cobblestone":132},"minecraft:crafted":{"minecraft:cooked_beef":4,"minecraft:wooden_sword":1,"minecraft:oak_planks":60,"minecraft:stone_shovel":2,"minecraft:wooden_pickaxe":1,"minecraft:furnace":1,"minecraft:stone_axe":2,"minecraft:air":0,"minecraft:jungle_planks":16,"minecraft:stick":20,"minecraft:stone_pickaxe":2,"minecraft:wooden_axe":1,"minecraft:stone_sword":1,"minecraft:stone_hoe":1},"minecraft:killed_by":{"minecraft:zombie":1},"minecraft:dropped":{"minecraft:cooked_beef":2,"minecraft:stone_shovel":1,"minecraft:chicken":2,"minecraft:feather":2,"minecraft:rotten_flesh":2,"minecraft:oak_planks":1,"minecraft:coal":1,"minecraft:stick":4,"minecraft:wooden_axe":1,"minecraft:oak_sapling":2,"minecraft:beef":1,"minecraft:wooden_pickaxe":1},"minecraft:mined":{"minecraft:oak_door":1,"minecraft:jungle_leaves":1,"minecraft:crafting_table":1,"minecraft:grass_block":9,"minecraft:jungle_log":15,"minecraft:copper_ore":3,"minecraft:tall_grass":22,"minecraft:cobblestone":1,"minecraft:lapis_ore":3,"minecraft:wall_torch":1,"minecraft:iron_ore":13,"minecraft:andesite":6,"minecraft:grass":66,"minecraft:vine":4,"minecraft:oak_log":15,"minecraft:coal_ore":5,"minecraft:deepslate_iron_ore":1,"minecraft:cocoa":1,"minecraft:dirt":58,"minecraft:stripped_oak_log":1,"minecraft:stone":138,"minecraft:oak_leaves":16,"minecraft:fern":15},"minecraft:used":{"minecraft:stone_sword":4,"minecraft:stone_shovel":42,"minecraft:stone_pickaxe":136,"minecraft:oak_planks":42,"minecraft:wooden_pickaxe":45,"minecraft:grass":3,"minecraft:stone_hoe":20,"minecraft:oak_door":1,"minecraft:torch":2,"minecraft:dirt":60,"minecraft:crafting_table":1,"minecraft:shears":5,"minecraft:wooden_axe":2,"minecraft:stone_axe":22,"minecraft:wooden_sword":21,"minecraft:cobblestone":71,"minecraft:oak_sapling":3,"minecraft:furnace":1,"minecraft:andesite":6,"minecraft:egg":1,"minecraft:cooked_beef":6},"minecraft:broken":{"minecraft:stone_pickaxe":1}},"DataVersion":3465}