{"stats":{"minecraft:picked_up":{"minecraft:cocoa_beans":2,"minecraft:crafting_table":1,"minecraft:feather":2,"minecraft:cooked_beef":7,"minecraft:chicken":2,"minecraft:andesite":6,"minecraft:jungle_log":15,"minecraft:leather":6,"minecraft:fern":1,"minecraft:wooden_pickaxe":1,"minecraft:oak_log":21,"minecraft:lapis_lazuli":19,"minecraft:dirt":107,"minecraft:raw_copper":11,"minecraft:bone":2,"minecraft:wheat_seeds":11,"minecraft:beef":15,"minecraft:oak_planks":1,"minecraft:egg":1,"minecraft:stick":6,"minecraft:raw_iron":31,"minecraft:oak_door":1,"minecraft:torch":3,"minecraft:diorite":4,"minecraft:rotten_flesh":3,"minecraft:pumpkin_seeds":4,"minecraft:arrow":1,"minecraft:shears":1,"minecraft:grass":3,"minecraft:oak_sapling":6,"minecraft:coal":6,"minecraft:white_wool":6,"minecraft:cobblestone":141},"minecraft:dropped":{"minecraft:cooked_beef":2,"minecraft:stone_shovel":1,"minecraft:chicken":2,"minecraft:feather":2,"minecraft:rotten_flesh":2,"minecraft:oak_planks":1,"minecraft:coal":1,"minecraft:stick":4,"minecraft:wooden_axe":1,"minecraft:oak_sapling":2,"minecraft:wooden_pickaxe":1,"minecraft:beef":1},"minecraft:killed":{"minecraft:skeleton":1,"minecraft:zombie":3,"minecraft:chicken":1,"minecraft:cow":5},"minecraft:broken":{"minecraft:stone_pickaxe":1},"minecraft:used":{"minecraft:diorite":4,"minecraft:stone_sword":7,"minecraft:stone_shovel":81,"minecraft:stone_pickaxe":168,"minecraft:oak_planks":42,"minecraft:chest":2,"minecraft:wooden_pickaxe":45,"minecraft:shield":7,"minecraft:grass":3,"minecraft:stone_hoe":20,"minecraft:oak_door":1,"minecraft:torch":3,"minecraft:dirt":64,"minecraft:crafting_table":1,"minecraft:white_bed":2,"minecraft:shears":5,"minecraft:wooden_axe":2,"minecraft:stone_axe":22,"minecraft:wooden_sword":21,"minecraft:cobblestone":71,"minecraft:oak_sapling":3,"minecraft:furnace":1,"minecraft:andesite":6,"minecraft:egg":1,"minecraft:cooked_beef":7},"minecraft:custom":{"minecraft:interact_with_furnace":9,"minecraft:mob_kills":10,"minecraft:interact_with_crafting_table":19,"minecraft:leave_game":4,"minecraft:time_since_death":48215,"minecraft:sleep_in_bed":1,"minecraft:climb_one_cm":822,"minecraft:time_since_rest":2974,"minecraft:sprint_one_cm":117006,"minecraft:damage_taken":840,"minecraft:walk_one_cm":113047,"minecraft:damage_blocked_by_shield":435,"minecraft:drop":15,"minecraft:damage_dealt":1200,"minecraft:swim_one_cm":15972,"minecraft:fly_one_cm":166235,"minecraft:open_chest":10,"minecraft:play_time":55947,"minecraft:crouch_one_cm":10927,"minecraft:sneak_time":4621,"minecraft:deaths":1,"minecraft:walk_under_water_one_cm":7385,"minecraft:jump":1278,"minecraft:walk_on_water_one_cm":7743,"minecraft:total_world_time":55947,"minecraft:fall_one_cm":34552},"minecraft:mined":{"minecraft:oak_door":1,"minecraft:jungle_leaves":1,"minecraft:crafting_table":1,"minecraft:grass_block":43,"minecraft:jungle_log":15,"minecraft:tall_grass":22,"minecraft:copper_ore":3,"minecraft:cobblestone":1,"minecraft:lapis_ore":3,"minecraft:diorite":4,"minecraft:wall_torch":1,"minecraft:iron_ore":32,"minecraft:andesite":6,"minecraft:grass":70,"minecraft:oak_log":15,"minecraft:coal_ore":5,"minecraft:deepslate_iron_ore":1,"minecraft:cocoa":1,"minecraft:vine":4,"minecraft:dirt":60,"minecraft:stripped_oak_log":1,"minecraft:stone":147,"minecraft:oak_leaves":16,"minecraft:fern":15},"minecraft:crafted":{"minecraft:cooked_beef":4,"minecraft:wooden_sword":1,"minecraft:oak_planks":60,"minecraft:stone_shovel":2,"minecraft:wooden_pickaxe":1,"minecraft:furnace":1,"minecraft:stone_axe":2,"minecraft:air":0,"minecraft:jungle_planks":28,"minecraft:shield":1,"minecraft:stick":20,"minecraft:stone_pickaxe":2,"minecraft:wooden_axe":1,"minecraft:stone_sword":1,"minecraft:chest":2,"minecraft:white_bed":2,"minecraft:stone_hoe":1},"minecraft:killed_by":{"minecraft:zombie":1}},"DataVersion":3465}