{"stats":{"minecraft:custom":{"minecraft:interact_with_furnace":7,"minecraft:mob_kills":8,"minecraft:interact_with_crafting_table":9,"minecraft:leave_game":1,"minecraft:time_since_death":25354,"minecraft:climb_one_cm":276,"minecraft:time_since_rest":25385,"minecraft:sprint_one_cm":47210,"minecraft:damage_taken":565,"minecraft:walk_one_cm":72754,"minecraft:drop":15,"minecraft:damage_dealt":799,"minecraft:swim_one_cm":9538,"minecraft:fly_one_cm":63332,"minecraft:crouch_one_cm":9118,"minecraft:play_time":33086,"minecraft:deaths":1,"minecraft:sneak_time":3774,"minecraft:walk_under_water_one_cm":6175,"minecraft:jump":677,"minecraft:walk_on_water_one_cm":6362,"minecraft:total_world_time":33086,"minecraft:fall_one_cm":18068},"minecraft:killed":{"minecraft:zombie":2,"minecraft:chicken":1,"minecraft:cow":5},"minecraft:picked_up":{"minecraft:cocoa_beans":1,"minecraft:crafting_table":1,"minecraft:feather":2,"minecraft:cooked_beef":7,"minecraft:chicken":2,"minecraft:andesite":6,"minecraft:leather":6,"minecraft:wooden_pickaxe":1,"minecraft:oak_log":21,"minecraft:dirt":47,"minecraft:raw_copper":9,"minecraft:wheat_seeds":2,"minecraft:beef":15,"minecraft:oak_planks":1,"minecraft:egg":1,"minecraft:stick":2,"minecraft:raw_iron":13,"minecraft:rotten_flesh":3,"minecraft:oak_sapling":6,"minecraft:coal":6,"minecraft:cobblestone":108},"minecraft:crafted":{"minecraft:cooked_beef":4,"minecraft:wooden_sword":1,"minecraft:oak_planks":60,"minecraft:stone_shovel":2,"minecraft:wooden_pickaxe":1,"minecraft:furnace":1,"minecraft:stone_axe":1,"minecraft:air":0,"minecraft:stick":20,"minecraft:stone_pickaxe":1,"minecraft:wooden_axe":1,"minecraft:stone_sword":1,"minecraft:stone_hoe":1},"minecraft:killed_by":{"minecraft:zombie":1},"minecraft:dropped":{"minecraft:cooked_beef":2,"minecraft:stone_shovel":1,"minecraft:chicken":2,"minecraft:feather":2,"minecraft:rotten_flesh":2,"minecraft:oak_planks":1,"minecraft:coal":1,"minecraft:stick":4,"minecraft:wooden_axe":1,"minecraft:oak_sapling":2,"minecraft:beef":1,"minecraft:wooden_pickaxe":1},"minecraft:mined":{"minecraft:crafting_table":1,"minecraft:grass_block":8,"minecraft:copper_ore":3,"minecraft:tall_grass":2,"minecraft:cobblestone":1,"minecraft:iron_ore":13,"minecraft:andesite":6,"minecraft:grass":11,"minecraft:vine":1,"minecraft:oak_log":15,"minecraft:coal_ore":5,"minecraft:deepslate_iron_ore":1,"minecraft:cocoa":1,"minecraft:dirt":30,"minecraft:stripped_oak_log":1,"minecraft:stone":116,"minecraft:oak_leaves":16},"minecraft:used":{"minecraft:stone_shovel":14,"minecraft:stone_pickaxe":110,"minecraft:oak_planks":42,"minecraft:wooden_pickaxe":45,"minecraft:dirt":44,"minecraft:crafting_table":1,"minecraft:wooden_axe":2,"minecraft:wooden_sword":21,"minecraft:cobblestone":55,"minecraft:oak_sapling":3,"minecraft:furnace":1,"minecraft:andesite":6,"minecraft:egg":1,"minecraft:cooked_beef":4}},"DataVersion":3465}