{"stats":{"minecraft:custom":{"minecraft:time_since_rest":13385,"minecraft:interact_with_furnace":5,"minecraft:sprint_one_cm":38603,"minecraft:damage_taken":420,"minecraft:walk_one_cm":50408,"minecraft:mob_kills":7,"minecraft:drop":13,"minecraft:damage_dealt":779,"minecraft:interact_with_crafting_table":5,"minecraft:swim_one_cm":6078,"minecraft:fly_one_cm":53564,"minecraft:crouch_one_cm":2219,"minecraft:play_time":21086,"minecraft:deaths":1,"minecraft:sneak_time":922,"minecraft:walk_under_water_one_cm":292,"minecraft:jump":538,"minecraft:leave_game":1,"minecraft:walk_on_water_one_cm":598,"minecraft:time_since_death":13354,"minecraft:climb_one_cm":276,"minecraft:total_world_time":21086,"minecraft:fall_one_cm":15792},"minecraft:killed":{"minecraft:zombie":2,"minecraft:chicken":1,"minecraft:cow":4},"minecraft:picked_up":{"minecraft:cooked_beef":2,"minecraft:cocoa_beans":1,"minecraft:stick":2,"minecraft:crafting_table":1,"minecraft:feather":2,"minecraft:chicken":2,"minecraft:leather":5,"minecraft:wooden_pickaxe":1,"minecraft:oak_log":13,"minecraft:dirt":30,"minecraft:rotten_flesh":3,"minecraft:beef":12,"minecraft:oak_sapling":6,"minecraft:oak_planks":1,"minecraft:coal":4,"minecraft:cobblestone":30,"minecraft:egg":1},"minecraft:crafted":{"minecraft:cooked_beef":4,"minecraft:wooden_sword":1,"minecraft:oak_planks":28,"minecraft:stick":8,"minecraft:wooden_pickaxe":1,"minecraft:wooden_axe":1,"minecraft:furnace":1,"minecraft:air":0},"minecraft:killed_by":{"minecraft:zombie":1},"minecraft:dropped":{"minecraft:cooked_beef":2,"minecraft:wooden_axe":1,"minecraft:oak_sapling":2,"minecraft:chicken":2,"minecraft:feather":2,"minecraft:rotten_flesh":2,"minecraft:oak_planks":1,"minecraft:beef":1,"minecraft:wooden_pickaxe":1,"minecraft:stick":4},"minecraft:mined":{"minecraft:crafting_table":1,"minecraft:grass":6,"minecraft:coal_ore":4,"minecraft:grass_block":4,"minecraft:oak_log":7,"minecraft:cocoa":1,"minecraft:dirt":19,"minecraft:stripped_oak_log":1,"minecraft:tall_grass":2,"minecraft:stone":34,"minecraft:oak_leaves":16},"minecraft:used":{"minecraft:wooden_axe":2,"minecraft:oak_planks":15,"minecraft:wooden_pickaxe":45,"minecraft:wooden_sword":16,"minecraft:dirt":19,"minecraft:crafting_table":1,"minecraft:furnace":1,"minecraft:oak_sapling":3,"minecraft:egg":1,"minecraft:cooked_beef":2}},"DataVersion":3465}